sno,gmaps_place_id,gmaps_name,gmaps_formatted_address,gmaps_latitude,gmaps_longitude,gmaps_opening_hours_weekday_text,gmaps_website,gmaps_phone,gmaps_rating,gmaps_user_ratings_total,gmaps_types,gmaps_business_status,gmaps_editorial_summary,gmaps_url,gmaps_directions_url,gmaps_plus_code_global,gmaps_plus_code_compound,gmaps_utc_offset_minutes,gmaps_photo_reference_1,gmaps_addr_country,gmaps_addr_postal_code,gmaps_addr_postal_town,gmaps_addr_admin_area_level_1,gmaps_addr_admin_area_level_2,postcode_norm,gmaps_postcode_norm,likely_match,description_short,Description,city,region,local_authority,service_area,age_range,conditions_supported,specific_services,physical_access,organization_type,status,last_verified,llm_error
721,1,Ealing Community Cafe,,51.5196994,-0.3032573,,https://londonautismgroupcharity.org/community-cafes,,,,,,,,,,,,,,W5 2RS,,,,,,,"Monthly Community Cafe drop-in sessions at
London W5 2RS
It will be held on the first Saturday of every month at 1:30pm-3:30pm.
The entire Autistic community are welcome: Autistic people and Carers.
No official diagnosis is necessary. Just come on in, relax and meet everyone.
Feel free to stop by for a chat and a hot drink with our lovely volunteers.
For more details of all our Community Cafes, please see our website:
https://www.londonautismgroupcharity.org/community-cafes","Monthly Community Cafe drop-in sessions at
London W5 2RS
It will be held on the first Saturday of every month at 1:30pm-3:30pm.
The entire Autistic community are welcome: Autistic people and Carers.
No official diagnosis is necessary. Just come on in, relax and meet everyone.
Feel free to stop by for a chat and a hot drink with our lovely volunteers.
For more details of all our Community Cafes, please see our website:
https://www.londonautismgroupcharity.org/community-cafes, St Andrews Church, Mount Park Road,",,,,,,,,,,,,
722,2,Grays Community Cafe,,51.4749255,0.3272371,,https://londonautismgroupcharity.org/community-cafes,,,,,,,,,,,,,,RM17 6DR,,,,,,,"The Community House,
Grays, Essex.
RM17 6DR.
As always, our community cafes are completely free and for all people within the autistic and wider autism community i.e. Autistics of any age, parents, carers, other family members, professionals and any mix of the aforementioned.
The main aim of our community cafes are to provide the community a safe, inclusive and accessible place for people to come together, meet, connect and share.
There will be free tea, coffee, biscuits and other snacks, sensory items, games and more!
There's no need to register, just drop by.
For a full list of our Community Cafes go to our website here: https://www.londonautismgroupcharity.org/community-cafes","The Community House,
Grays, Essex.
RM17 6DR.
As always, our community cafes are completely free and for all people within the autistic and wider autism community i.e. Autistics of any age, parents, carers, other family members, professionals and any mix of the aforementioned.
The main aim of our community cafes are to provide the community a safe, inclusive and accessible place for people to come together, meet, connect and share.
There will be free tea, coffee, biscuits and other snacks, sensory items, games and more!
There's no need to register, just drop by.
For a full list of our Community Cafes go to our website here: https://www.londonautismgroupcharity.org/community-cafes, This community cafe will be taking place on the 1st Sunday of every month at 2pm-4pm at",,,,,,,,,,,,
723,3,Southgate Community Cafe,,51.6351906,-0.1345725,,https://londonautismgroupcharity.org/community-cafes,,,,,,,,,,,,,,N14 5PP,,,,,,,"Our Southgate Community Cafe/drop-in takes place on the second Sunday of every month, between 1pm and 3pm.
The entire Autistic community are welcome: Autistic people and Carers.
No official diagnosis is necessary. Just come on in, relax and meet everyone.
Feel free to stop by for a chat and a hot drink with our lovely volunteers.
For more details of all our Community Cafes, please see our website:
https://www.londonautismgroupcharity.org/community-cafes","Our Southgate Community Cafe/drop-in takes place on the second Sunday of every month, between 1pm and 3pm.
The entire Autistic community are welcome: Autistic people and Carers.
No official diagnosis is necessary. Just come on in, relax and meet everyone.
Feel free to stop by for a chat and a hot drink with our lovely volunteers.
For more details of all our Community Cafes, please see our website:
https://www.londonautismgroupcharity.org/community-cafes, It is held at the fantastic St Andrew's Church Hall in Southgate, N14 5PP.",,,,,,,,,,,,
724,4,South Woodford Community Cafe,,51.5966951,0.0212415,,https://londonautismgroupcharity.org/community-cafes,,,,,,,,,,,,,,E18 2PA,,,,,,,"Monthly Community Cafe drop-in sessions at
207 High Road
South Woodford
E18 2PA
This takes place every last Sunday of the month, at 1pm-3pm.
The entire Autistic community are welcome: Autistic people and Carers.
No official diagnosis is necessary. Just come on in, relax and meet everyone.
Feel free to stop by for a chat and a hot drink with our lovely volunteers.
For more details of all our Community Cafes, please see our website:
https://www.londonautismgroupcharity.org/community-cafes","Monthly Community Cafe drop-in sessions at
207 High Road
South Woodford
E18 2PA
This takes place every last Sunday of the month, at 1pm-3pm.
The entire Autistic community are welcome: Autistic people and Carers.
No official diagnosis is necessary. Just come on in, relax and meet everyone.
Feel free to stop by for a chat and a hot drink with our lovely volunteers.
For more details of all our Community Cafes, please see our website:
https://www.londonautismgroupcharity.org/community-cafes, St Mary's Parish Church Woodford",,,,,,,,,,,,
725,5,NAS Bexley Branch,,51.4543813,0.1377583,,,,,,,,,,,,,,,,,,,,,,,"NAS Bexley Branch
Contact Address Thelma Morito, Branch Officer DA6,
tel: 07826 950496,","NAS Bexley Branch
Contact Address Thelma Morito, Branch Officer DA6,
tel: 07826 950496,, email: bexley@nas.org.uk",,,,,,,,,,,,
726,6,NAS Greenwich Branch,,51.4418108,0.0614548,,https://facebook.com/nasgreenwich,,,,,,,,,,,,,,,,,,,,,"NAS Greenwich Branch Contact AddressNAS Greenwich Branch
Contact Address
SE9,
tel: 07928 295171,
email: greenwich@nas.org.uk
Website: www.nasgreenwich.org.uk
Twitter: @nasgreenwich www.twitter.com/nasgreenwich
Facebook page: http://www.facebook.com/nasgreenwich
NAS National Contacts:
NAS Helpline 0808 800 4104
NAS Education Rights Service 0808 800 4102
Email NAS Befriending Service – Aims to reduce social isolation.
befriendingandmentoring@nas.org.uk
Contact alan.bicknell@nas.org.uk or visit www.nas.org.uk","NAS Greenwich Branch Contact AddressNAS Greenwich Branch
Contact Address
SE9,
tel: 07928 295171,
email: greenwich@nas.org.uk
Website: www.nasgreenwich.org.uk
Twitter: @nasgreenwich www.twitter.com/nasgreenwich
Facebook page: http://www.facebook.com/nasgreenwich
NAS National Contacts:
NAS Helpline 0808 800 4104
NAS Education Rights Service 0808 800 4102
Email NAS Befriending Service – Aims to reduce social isolation.
befriendingandmentoring@nas.org.uk
Contact alan.bicknell@nas.org.uk or visit www.nas.org.uk, Julie Raven, Branch Officer",,,,,,,,,,,,
727,7,NAS Lambeth Branch,,51.493515,-0.1172447,,https://nasbranch.org.uk/lambeth,,,,,,,,,,,,,,,,,,,,,"http://www.nasbranch.org.uk/lambeth
Lambeth Autism Group welcomes all parents/carers with children on the autistic spectrum and autistic adults.
Lambeth Autism Group organises a number of activities as well as acting as a source of information on local events/services.","http://www.nasbranch.org.uk/lambeth
Lambeth Autism Group welcomes all parents/carers with children on the autistic spectrum and autistic adults.
Lambeth Autism Group organises a number of activities as well as acting as a source of information on local events/services., NAS Lambeth Branch (Lambeth Autism Group)Contact Address Anna Roads, Branch Officer, email: lambeth@nas.org.uk",,,,,,,,,,,,
728,8,NAS Merton Branch,,51.4097735,-0.210809199999971,,https://nasbranch.org.uk/merton,,,,,,,,,,,,,,,,,,,,,"NAS Merton Group
Contact Address
http://www.nasbranch.org.uk/merton
Description
NAS Merton Group is a locally run National Autistic Society Parents Group. This group was set up in November 2015, and is run by local volunteers. We host a play party for children, and regular coffee mornings for the parents in Merton. We are looking to expand our group, and plan to do more activities where children, adults and families can get involved.","NAS Merton Group
Contact Address
http://www.nasbranch.org.uk/merton
Description
NAS Merton Group is a locally run National Autistic Society Parents Group. This group was set up in November 2015, and is run by local volunteers. We host a play party for children, and regular coffee mornings for the parents in Merton. We are looking to expand our group, and plan to do more activities where children, adults and families can get involved., Rina Brahmbhatt, Group Leader SM4 , email: Merton.Group@nas.org.uk",,,,,,,,,,,,
729,9,NAS Newham Branch,"York House
Barking Rd E13 8AL",51.5237111,0.0252557,,https://nasnewhambranch.webeden.co.uk,,,,,,,,,,,,,,E13 8AL,,,,,,,"NAS Newham Branch
or
sue.fisher2016@gmail.com
Child and consulation service
York House
Barking Rd E13 8AL
http://nasnewhambranch.webeden.co.uk/
The NAS Newham branch is run exclusively by volunteers who are parents of children on the autism spectrum.
The branch was launched in 2010 and covers the London Borough of Newham.
The branch aims to offer support to parents and carers of children, but also to adults affected by autism.","NAS Newham Branch
or
sue.fisher2016@gmail.com
Child and consulation service
York House
Barking Rd E13 8AL
http://nasnewhambranch.webeden.co.uk/
The NAS Newham branch is run exclusively by volunteers who are parents of children on the autism spectrum.
The branch was launched in 2010 and covers the London Borough of Newham.
The branch aims to offer support to parents and carers of children, but also to adults affected by autism., Contact Sean Hurley, Branch Officer E6, tel: 07795 127787, email: newham@nas.org.ukwww.nasbranch.org.uk/newham",,,,,,,,,,,,
730,10,NAS Richmond Branch,,51.4608524,-0.304184,,https://richmondnas.org/index.html,,,,,,,,,,,,,,,,,,,,,"NAS Richmond Branch
http://www.richmondnas.org/index.html
Contact Address
Laura Lennuyeux-Comnene, Branch Officer,           tel: 07810 505982, email: richmond@nas.org.ukwww.richmondnas.org","NAS Richmond Branch
http://www.richmondnas.org/index.html
Contact Address
Laura Lennuyeux-Comnene, Branch Officer,           tel: 07810 505982, email: richmond@nas.org.ukwww.richmondnas.org, We are a friendly parent-led group aiming to support families and individuals mainly in the Borough of Richmond upon Thames living with an autism spectrum disorder (including Asperger's Syndrome). We hold coffee mornings, liaise with other groups and provide regular updates via emails; our core objectives being support, information and awareness.",,,,,,,,,,,,
731,11,NAS Southwark Branch,,51.5028658,-0.087204,,,07747 768536,,,,,,,,,,,,,,,,,,,,"NAS Southwark Branch
Contact Address
Pamela Douglas, Branch Officer,                             tel: 07747 768536,","NAS Southwark Branch
Contact Address
Pamela Douglas, Branch Officer,                             tel: 07747 768536,, email: southwark@nas.org.uk",,,,,,,,,,,,
732,12,NAS Surrey Autism Resource Centre,,51.1882843,-0.618454000000042,,https://nassurreybranch.org,,,,,,,,,,,,,,,,,,,,,"The Resource centre currently runs: :
-Therapy groups: Lego Therapy in Godalming and Social Skills groups in Hersham and Godalming for ages 5-15years;
-Leisure Opportunity Project for 18+ with complex needs;
-ASpire Social Skills Group (18+ with Asperger syndrome; the centre is based at Godalming but service users come from throughout Surrey;
-ASSIST project (16+ Asperger Syndrome, based at Godalming extending in West Sussex;
-Saturday Morning Club (to be confirmed). Please contact Resource Centre Manager for more information on each project.
http://www.nassurreybranch.org/
Telephone number: 01483 521 743
Email: SEresourcecentres@nas.org.uk
Helen Dunkley
Resource Centre Manager
Godalming
Surrey
GU7","The Resource centre currently runs: :
-Therapy groups: Lego Therapy in Godalming and Social Skills groups in Hersham and Godalming for ages 5-15years;
-Leisure Opportunity Project for 18+ with complex needs;
-ASpire Social Skills Group (18+ with Asperger syndrome; the centre is based at Godalming but service users come from throughout Surrey;
-ASSIST project (16+ Asperger Syndrome, based at Godalming extending in West Sussex;
-Saturday Morning Club (to be confirmed). Please contact Resource Centre Manager for more information on each project.
http://www.nassurreybranch.org/
Telephone number: 01483 521 743
Email: SEresourcecentres@nas.org.uk
Helen Dunkley
Resource Centre Manager
Godalming
Surrey
GU7, -5 Children's clubs Godalming, Reigate x 2, Walton on Thames & Woking for ages 5-13years. -Youth clubs 13-18 years, Woking, Staines, Reigate, Epsom Ash Guildford and Newbury,",,,,,,,,,,,,
733,13,NAS Sutton Branch,,51.3573721,-0.1751952,,https://sutton.webeden.co.uk,,,,,,,,,,,,,,,,,,,,,"NAS Sutton Branch
Contact Address
http://www.sutton.webeden.co.uk
Description
NAS Sutton is run by parents of young children on the spectrum. They are there to support parents, families, carers and professionals who work with children with autism spectrum disorder (ASD). At the moment, they are a small that can provide information and signposting to both local and national support networks. They run regular coffee mornings with guest speakers, so members can get together and meet others in similar positions. Their branch website contains details of all local organisations who provide support for families and there is an active Facebook Group that gives up to date information on everything that is going on in the local area.","NAS Sutton Branch
Contact Address
http://www.sutton.webeden.co.uk
Description
NAS Sutton is run by parents of young children on the spectrum. They are there to support parents, families, carers and professionals who work with children with autism spectrum disorder (ASD). At the moment, they are a small that can provide information and signposting to both local and national support networks. They run regular coffee mornings with guest speakers, so members can get together and meet others in similar positions. Their branch website contains details of all local organisations who provide support for families and there is an active Facebook Group that gives up to date information on everything that is going on in the local area., Rachael Phillips, Branch Officer, email: sutton@nas.org.uk",,,,,,,,,,,,
734,14,NAS Thurrock Branch,,51.4778987,0.276080699999966,,https://nasthurrock.btck.co.uk,,,,,,,,,,,,,,,,,,,,,"email: nasthurrock.group@nas.org.uk
NAS Thurrock Group provides support and information to families and carers of children with autism and campaigns for better local services for those living with autism in Thurrock. The support group organises regular meetings, fun activities, clubs, days out and social events plus raises awareness in Thurrock schools, Health services and workplaces.","email: nasthurrock.group@nas.org.uk
NAS Thurrock Group provides support and information to families and carers of children with autism and campaigns for better local services for those living with autism in Thurrock. The support group organises regular meetings, fun activities, clubs, days out and social events plus raises awareness in Thurrock schools, Health services and workplaces., http://nasthurrock.btck.co.uk/",,,,,,,,,,,,
735,15,NAS West London Branch,,51.4912171,-0.2233315,,www.nasbranch.org.uk/westlondon,07436 802 632,,,,,,,,,,,,,null,,,,,,,"Contact Claire O'Connor, Branch Officer,
tel: 07436 802 632,
email: NASWestLondonBranch@nas.org.uk
www.nasbranch.org.uk/westlondon","Contact Claire O'Connor, Branch Officer,
tel: 07436 802 632,
email: NASWestLondonBranch@nas.org.uk
www.nasbranch.org.uk/westlondon, NAS West London Branch",,,,,,,,,,,,
736,16,AS Mentoring,,51.5083752,-0.3056431,,https://asmentoring.co.uk,,,,,,,,,,,,,,,,,,,,,"Our Mission is to support our clients to achieve their potential as individuals and to facilitate their social inclusion through employment.
https://asmentoring.co.uk/
There are a range of services including:
For Individuals:
Pre-employment support,
Workplace support and Coaching,
For Employers:
Recruitment, Consultancy, Management,
For Families, Individuals and Employers:
Various Workshops run throughout the year.
https://asmentoring.co.uk/what-we-do
Locations
The AS Mentoring team are based in 3 areas of the UK: London, Surrey and Birmingham.
We are very aware of the need for specialist support across the UK and further so we do work with clients remotely via Skype, phone-calls, email or a combination of all. If there is a need, staff can travel to other areas of the UK on an ad-hoc basis for Workplace Support and Coaching; this is something we'd be happy to discuss with you individually.","Our Mission is to support our clients to achieve their potential as individuals and to facilitate their social inclusion through employment.
https://asmentoring.co.uk/
There are a range of services including:
For Individuals:
Pre-employment support,
Workplace support and Coaching,
For Employers:
Recruitment, Consultancy, Management,
For Families, Individuals and Employers:
Various Workshops run throughout the year.
https://asmentoring.co.uk/what-we-do
Locations
The AS Mentoring team are based in 3 areas of the UK: London, Surrey and Birmingham.
We are very aware of the need for specialist support across the UK and further so we do work with clients remotely via Skype, phone-calls, email or a combination of all. If there is a need, staff can travel to other areas of the UK on an ad-hoc basis for Workplace Support and Coaching; this is something we'd be happy to discuss with you individually., Specialist Coaching and Mentoring for adults with Autism Spectrum Conditions and other neurodiverse conditions.",,,,,,,,,,,,
737,17,Autism Employment Alliance,,51.5073509,-0.127758299999982,,https://autism-alliance.org.uk/about-us/our-members,,,,,,,,,,,,,,,,,,,,,https://www.autism-alliance.org.uk/about-us/our-members,"https://www.autism-alliance.org.uk/about-us/our-members, Autism Employment Alliance of 17 different national charities the UK.",,,,,,,,,,,,
738,18,Dimensions- Supported employment,,51.5073509,-0.127758299999982,,https://dimensions-uk.org/what-we-do/supported-employment,,,,,,,,,,,,,,,,,,,,,"Work means far more than money and productivity; it means self-esteem, confidence and social opportunities.
Many people are informally supported into employment by Dimensions as part of their support plans.
https://www.dimensions-uk.org/what-we-do/supported-employment/
Our Supported Employment team provides expert advice and job coaching for people with learning disabilities and autism to gain employment.
https://www.dimensions-uk.org/feature/2015/explosive-dream-job-man-autism/
email: alexandra.seddon@dimensions-uk.org","Work means far more than money and productivity; it means self-esteem, confidence and social opportunities.
Many people are informally supported into employment by Dimensions as part of their support plans.
https://www.dimensions-uk.org/what-we-do/supported-employment/
Our Supported Employment team provides expert advice and job coaching for people with learning disabilities and autism to gain employment.
https://www.dimensions-uk.org/feature/2015/explosive-dream-job-man-autism/
email: alexandra.seddon@dimensions-uk.org, People who are supported into employment by Dimensions have real jobs, where they can fulfill their employment aspirations and achieve social and economic inclusion.",,,,,,,,,,,,
739,19,Employability,,51.5073509,-0.127758299999982,,https://employ-ability.org.uk,+44(0)7852 764 684,,,,,,,,,,,,,,,,,,,,"Opportunities for disabled and dyslexic students and graduates.
Whether you are a student or graduate with a disability, or an employer looking for highly talented candidates from diverse backgrounds, or a university representative wanting to widen your links on behalf of your disabled students – register with us today, or get in touch.
Tel: +44(0)7852 764 684
email: info@employ-ability.org.uk","Opportunities for disabled and dyslexic students and graduates.
Whether you are a student or graduate with a disability, or an employer looking for highly talented candidates from diverse backgrounds, or a university representative wanting to widen your links on behalf of your disabled students – register with us today, or get in touch.
Tel: +44(0)7852 764 684
email: info@employ-ability.org.uk, https://www.employ-ability.org.uk/",,,,,,,,,,,,
740,20,"Scope- 
Future Ambitions Employment service",,51.5073509,-0.127758299999982,,https://scope.org.uk/futureambitions,,,,,,,,,,,,,,,,,,,,,"Future Ambitions is an Employment service aimed at supporting young disabled people aged 16 to 25 in Hackney, Islington, Newham and Tower Hamlets into long term sustainable employment.
Working in Partnership
Future Ambitions wants to support organisations to help them engage with more young disabled people, if you would like more information please email future@scope.org.uk
https://www.scope.org.uk/futureambitions","Future Ambitions is an Employment service aimed at supporting young disabled people aged 16 to 25 in Hackney, Islington, Newham and Tower Hamlets into long term sustainable employment.
Working in Partnership
Future Ambitions wants to support organisations to help them engage with more young disabled people, if you would like more information please email future@scope.org.uk
https://www.scope.org.uk/futureambitions, Following the success of First Impressions, First Experiences, supported by the Credit Suisse EMEA Foundation, Scope has launched Future Ambitions. This new service is tailored to the individual, providing each customer with one to one support from a specialist Employment Advisor to understand their career goals and aspirations and how to achieve them.",,,,,,,,,,,,
741,21,Uptimize Online Employability Training,,51.5073509,-0.127758299999982,,https://uptimize.com,,,,,,,,,,,,,,,,,,,,,"Neurodivergent individuals can bring unique and valuable skills to the workplace – from the attention to detail and data-driven thinking typical of people with autism, to the creativity and insight associated with people with dyslexia, dyspraxia and ADHD.
Uptimize courses teach you everything you need to know to impress employers. Get hired & advance your career with our online employability training.
Website: http://www.uptimize.com","Neurodivergent individuals can bring unique and valuable skills to the workplace – from the attention to detail and data-driven thinking typical of people with autism, to the creativity and insight associated with people with dyslexia, dyspraxia and ADHD.
Uptimize courses teach you everything you need to know to impress employers. Get hired & advance your career with our online employability training.
Website: http://www.uptimize.com, Our best-in-class online video training is designed specifically to unlock the potential of the neurodiverse workforce. Our vision is world where neurodiversity is universally championed, and where organizations thrive thanks to their neurodiverse teams. We are excited to be on a journey and to be collaborating with other like-minded organizations, to make that vision a reality.",,,,,,,,,,,,
742,22,Barnet- Kisharon Adult employment programme,"25 Bell Lane,
London NW4 2BP",51.5868018,-0.219027200000028,,https://kisharon.org.uk/our-services/opportunity/employment/supported-employ-ment-at-kisharon,02082025540,,,,,,,,,,,,,NW4 2BP,,,,,,,"Kisharon’s adult employment programme is a creative and enterprising way to bring together adults with an untapped skill-set with businesses requiring staff and offering a friendly and supportive environment for their workforce.
Tel: 020 8202 5540
25 Bell Lane, London NW4 2BP
Opening hours: Mon-Thurs 8.30-5.30pm.
Fri 8.30-3.30pm (1pm winter). Sunday 9.30-1pm.
http://www.kisharon.org.uk/our-services/opportunity/employment/supported-employ-ment-at-kisharon/","Kisharon’s adult employment programme is a creative and enterprising way to bring together adults with an untapped skill-set with businesses requiring staff and offering a friendly and supportive environment for their workforce.
Tel: 020 8202 5540
25 Bell Lane, London NW4 2BP
Opening hours: Mon-Thurs 8.30-5.30pm.
Fri 8.30-3.30pm (1pm winter). Sunday 9.30-1pm.
http://www.kisharon.org.uk/our-services/opportunity/employment/supported-employ-ment-at-kisharon/, Email: albc@kisharon.org.uk",,,,,,,,,,,,
743,23,Barnet- Norwood Catering Scheme,"Kennedy Leigh Centre,
Edgeworth Cl,
London
NW4 4HJ",51.5845549,-0.238062099999979,,https://norwood.org.uk/Page/Workskills-and-Employment,02088098809,,,,,,,,,,,,,NW4 4HJ,,,,,,,"http://www.norwood.org.uk/Page/Workskills-and-Employment
Tel: 020 8809 8809
Email: info@norwood.org.uk
Kennedy Leigh Centre
Edgeworth Cl,
London
NW4 4HJ","http://www.norwood.org.uk/Page/Workskills-and-Employment
Tel: 020 8809 8809
Email: info@norwood.org.uk
Kennedy Leigh Centre
Edgeworth Cl,
London
NW4 4HJ, Catering qualifications at a Norwood Cafe. At our Kennedy Leigh Centre in Hendon and Ravenswood Village in Berkshire, our cafes support trainees with learning disabilities to develop catering skills. These eight – twelve week taster courses enable trainees to gain valuable skills and real work experience, with the aim of going on to obtain paid work within the catering industry.",,,,,,,,,,,,
744,24,Barnet Work Choice,"Ocean House Business Centre,
3 Ocean House,
Bentley Way",51.6508448,-0.174524799999972,,,03002471222,,,,,,,,,,,,,Barnet,,,,,,,"Address
Ocean House Business Centre, 3 Ocean House, Bentley Way
Barnet
Hertfordshire
Tel: 03002 472122","Address
Ocean House Business Centre, 3 Ocean House, Bentley Way
Barnet
Hertfordshire
Tel: 03002 472122, Specialist support for people with disabilities to find and stay in work.",,,,,,,,,,,,
745,25,Brixton - Work Programme & Volunteers,"2-6 Atlantic Road,
Brixton,
London
SW9 8HY",51.462924,-0.114458000000013,,,0800 0853246,,,,,,,,,,,,,SW9 8HY,,,,,,,"Shaw Trust
2-6 Atlantic Road
Brixton
London
SW9 8HY
Tel: 0800 0853246","Shaw Trust
2-6 Atlantic Road
Brixton
London
SW9 8HY
Tel: 0800 0853246, Specialist support for people with disabilities to find and stay in work. Day one support for Young People Trailbrazer. Volunteers.",,,,,,,,,,,,
